<?xml version="1.0" encoding="UTF-8"?>
<project-private xmlns="http://www.netbeans.org/ns/project-private/1">
    <editor-bookmarks xmlns="http://www.netbeans.org/ns/editor-bookmarks/2" lastBookmarkId="0"/>
    <open-files xmlns="http://www.netbeans.org/ns/projectui-open-files/2">
        <group>
            <file>file:/C:/Users/DELL/HealthKeeper/HealthKeeper_Team3/src/ec/espe/edu/HealthKeeper/Team3/model/HealthReport.java</file>
            <file>file:/C:/Users/DELL/HealthKeeper/HealthKeeper_Team3/src/ec/espe/edu/HealthKeeper/Team3/model/PhysicalActivity.java</file>
            <file>file:/C:/Users/DELL/HealthKeeper/HealthKeeper_Team3/src/ec/espe/edu/HealthKeeper/Team3/view/Menu.java</file>
            <file>file:/C:/Users/DELL/HealthKeeper/HealthKeeper_Team3/src/ec/espe/edu/HealthKeeper/Team3/model/Patient.java</file>
            <file>file:/C:/Users/DELL/HealthKeeper/HealthKeeper_Team3/Teresa%20Robles_activities.csv</file>
            <file>file:/C:/Users/DELL/HealthKeeper/HealthKeeper_Team3/appointments.csv</file>
            <file>file:/C:/Users/DELL/HealthKeeper/HealthKeeper_Team3/caregivers.csv</file>
            <file>file:/C:/Users/DELL/HealthKeeper/HealthKeeper_Team3/dietplans.csv</file>
            <file>file:/C:/Users/DELL/HealthKeeper/HealthKeeper_Team3/health_report.csv</file>
            <file>file:/C:/Users/DELL/HealthKeeper/HealthKeeper_Team3/medicalHistory.csv</file>
            <file>file:/C:/Users/DELL/HealthKeeper/HealthKeeper_Team3/medications.csv</file>
            <file>file:/C:/Users/DELL/HealthKeeper/HealthKeeper_Team3/patients.csv</file>
            <file>file:/C:/Users/DELL/HealthKeeper/HealthKeeper_Team3/vitalSigns.csv</file>
        </group>
    </open-files>
</project-private>
