<?xml version="1.0" encoding="UTF-8"?>
<project-private xmlns="http://www.netbeans.org/ns/project-private/1">
    <editor-bookmarks xmlns="http://www.netbeans.org/ns/editor-bookmarks/2" lastBookmarkId="0"/>
    <open-files xmlns="http://www.netbeans.org/ns/projectui-open-files/2">
        <group>
            <file>file:/C:/Users/DELL/Downloads/ModificateCode/HealthKeeper/HealthKeeper_Team3/src/ec/espe/edu/HealthKeeper/Team3/view/MenuFrame.java</file>
            <file>file:/C:/Users/DELL/Downloads/ModificateCode/HealthKeeper/HealthKeeper_Team3/src/ec/espe/edu/HealthKeeper/Team3/view/PhysicalActivityRecordingFrame.java</file>
            <file>file:/C:/Users/DELL/Downloads/ModificateCode/HealthKeeper/HealthKeeper_Team3/src/ec/espe/edu/HealthKeeper/Team3/view/VitalSignsRecordingFrame.java</file>
            <file>file:/C:/Users/DELL/Downloads/ModificateCode/HealthKeeper/HealthKeeper_Team3/src/ec/espe/edu/HealthKeeper/Team3/view/PatientRegistrationFrame.java</file>
        </group>
    </open-files>
</project-private>
