Maria Quiroz,eggs, milk, one piece of bread, coffee,chicken, rice, salad, fruit juice,same at lunch,fruits, nuts and peanuts
Maria Quiroz,wm,rice and chicken,milk and avena,apple and banana
maria,bread,rice and chicken,meat and rice,apple
Maria Quiroz,5,chicken and rice,milk and bread,apple
Maria Quiroz,eggs, milk, coffee and bread,Chicken, rice and salad,Sandwich,apple
Maria Quiroz,egss, milk, coffee, bread and juice,chicken, rice and salad,sandwich,apple
Teresa Robles,eggs, milk, bread,chicken, a little of rice, salad,sandwich,a fruit
